,Author,Rubric,Min_Sentence_len,Mean_Sentence_len,Max_Sentence_len,Median_Sentence_len,Min_Clause_len,Mean_Clause_len,Max_Clause_len,Median_Clause_len,Min_Clause_count,Mean_Clause_count,Max_Clause_count,Median_Clause_count,Min_NP_len,Mean_NP_len,Max_NP_len,Median_NP_len,Compound_sent_ratio,Complex_sent_ratio,Min_MDD,Mean_MDD,Max_MDD,Median_MDD,Lexical_items,Lexical_items_rs,Unique_lexical_items,Unique_lexical_items_rs,TTR,RTTR,CTTR,MTTR,TTR_rs,RTTR_rs,CTTR_rs,MTTR_rs,MTLD_lemma,MTLD_wordform,MTLD_lemma_rs,MTLD_wordform_rs,HDD,HDD_rs,Density_func,Density_fun_rs,Density_total,Density_total_rs,Sophistication_lemmas,Sophistication_lemmas_rs,Sophistication_wordform,Sophistication_wordform_rs,Giraud_lemma,Giraud_lemma_rs,Giraud_wordform,Giraud_wordform_rs,Min_Tree_depth,Mean_Tree_depth,Max_Tree_depth,Median_Tree_depth,Min_Tree_width,Mean_Tree_width,Max_Tree_width,Median_Tree_width,ISC
0,Автор 3368,Культура,0.0,11.651315789473683,43.0,11.0,1.0,3.878923766816144,14.0,3.0,1.0,2.9932885906040267,12.0,3.0,1.0,2.3968253968253967,8.0,2.0,0.3157894736842105,0.1513157894736842,0.0333333333333333,0.64806179282387,1.0,0.72,993.0,851.0,692.0,655.0,0.3060269163253364,12.651169006781586,8.945727394632339,1.5659022639568794,0.5246589716684156,16.196588709793424,11.452717708784403,1.281571898780001,0.3950151057401813,0.5226586102719033,0.4406580493537015,0.577262044653349,0.8828311498558449,0.9038238440378976,2.6373626373626373,2.683982683982684,0.7250755287009063,0.7285546415981199,0.3585095669687814,0.4136310223266745,0.5458207452165156,0.6286721504112809,26.11711557738676,24.47560477582088,26.11711557738676,24.47560477582088,1.0,3.3630573248407645,11.0,3.0,2.0,5.044585987261146,10.0,5.0,16.965231855247676
1,Автор 3368,Культура,1.0,10.551724137931034,37.0,10.0,1.0,4.101045296167247,15.0,4.0,1.0,2.4741379310344827,7.0,2.0,1.0,2.109375,7.0,2.0,0.2672413793103448,0.1293103448275862,0.025,0.5681943369186817,1.0,0.6172161172161172,631.0,546.0,479.0,443.0,0.3258813413585554,11.113461583813232,7.858404048370525,1.466366837099032,0.5804878048780487,14.395629418037386,10.179247180942788,1.1498302928910755,0.4504754358161648,0.5693343898573693,0.4903846153846154,0.6085164835164836,0.8856888065018397,0.9005240220851,2.605714285714286,2.689189189189189,0.722662440570523,0.7289377289377289,0.4437400950871632,0.4981684981684982,0.6418383518225039,0.7124542124542125,23.248672916814563,20.328123394268363,23.248672916814563,20.328123394268363,1.0,3.0545454545454547,8.0,3.0,1.0,5.181818181818182,13.0,5.0,15.82809917355372
2,Автор 3368,Культура,0.0,9.929032258064517,31.0,9.0,1.0,3.8912466843501328,13.0,3.0,1.0,2.4802631578947367,8.0,2.0,1.0,2.097777777777778,5.0,2.0,0.2709677419354839,0.1483870967741935,0.0434782608695652,0.58173341400608,1.0,0.6,805.0,690.0,600.0,556.0,0.3145216792842395,11.989011945648292,8.477511646494431,1.5282133959488813,0.5611979166666666,15.552372876295545,10.997188324370311,1.2141081755517618,0.425776397515528,0.5590062111801242,0.4684782608695652,0.6043478260869566,0.9020076354601984,0.903129990789842,2.3264462809917354,2.2242990654205608,0.6993788819875777,0.6898550724637681,0.3962732919254658,0.4492753623188406,0.6074534161490683,0.6855072463768116,25.517647041978737,22.91774832756912,25.517647041978737,22.91774832756912,1.0,2.9056603773584904,8.0,3.0,1.0,4.811320754716981,9.0,5.0,13.98006407974368
3,Автор 3368,Культура,2.0,13.744274809160306,59.0,12.0,1.0,4.465994962216625,18.0,4.0,1.0,3.030534351145038,12.0,2.5,1.0,2.39403453689168,8.0,2.0,0.2519083969465648,0.1297709923664122,0.0285714285714285,0.6342239245416317,1.0,0.6846590909090908,2080.0,1839.0,1410.0,1361.0,0.303988603988604,18.009881744637873,12.734909510001248,1.7830967961732316,0.5186474390850323,23.258316339874835,16.446113202907377,1.5072473165603142,0.3847355769230769,0.5084134615384616,0.4253670473083197,0.5550570962479608,0.9152960316394304,0.925038617241203,3.210526315789474,3.296728971962617,0.7625,0.7672648178357803,0.3663461538461538,0.4121805328983143,0.5399038461538461,0.6057640021750952,34.79727691600639,33.929083512430374,34.79727691600639,33.929083512430374,1.0,3.6653846153846152,11.0,3.0,1.0,5.223076923076923,10.0,5.0,19.144585798816568
4,Автор 3368,Культура,1.0,10.610526315789471,37.0,10.0,1.0,3.868525896414343,15.0,3.0,1.0,2.6989247311827955,9.0,2.0,1.0,2.1847507331378297,7.0,2.0,0.4894736842105263,0.0947368421052631,0.0384615384615384,0.6362046063800143,1.0,0.6961538461538461,1147.0,995.0,801.0,759.0,0.3111688311688311,13.652477059864626,9.653759109024056,1.5962093152380474,0.5207581227436823,17.334285010438265,12.25719047790122,1.3264526726144117,0.3916739319965127,0.5237576285963383,0.4349246231155779,0.5721105527638191,0.8868565340129086,0.8851920377369075,2.595611285266458,2.528368794326241,0.7218831734960767,0.7165829145728643,0.3522231909328683,0.4050251256281407,0.5536181342632955,0.6301507537688442,27.843894771105777,26.24936467285719,27.843894771105777,26.24936467285719,0.0,3.064171122994652,9.0,3.0,0.0,4.780748663101604,8.0,5.0,14.649031999771225
5,Автор 3368,Культура,1.0,8.334319526627219,28.0,7.0,1.0,3.732876712328767,13.0,3.0,1.0,2.166172106824926,7.0,2.0,1.0,2.051685393258427,8.0,2.0,0.2159763313609467,0.1272189349112426,0.0303030303030303,0.5581578571285769,1.0,0.5714285714285714,1498.0,1299.0,937.0,891.0,0.2569418733802295,13.35356357403818,9.442395356208063,1.717290304772757,0.4561522773623385,17.49509011437578,12.370896857344846,1.4181766731580352,0.3474632843791722,0.4691255006675567,0.3874133949191686,0.5144341801385681,0.8751781020404745,0.8705992574600556,2.420091324200913,2.255639097744361,0.7076101468624834,0.6928406466512702,0.3197596795727637,0.3656658968437259,0.4679572763684913,0.5319476520400308,28.4208314130841,26.941058465747247,28.4208314130841,26.941058465747247,0.0,2.6294117647058823,7.0,2.0,0.0,4.420588235294118,10.0,4.0,11.623546712802767
6,Автор 3368,Культура,2.0,10.66183574879227,37.0,9.0,1.0,3.6927083333333335,13.0,3.0,1.0,2.782608695652174,14.0,2.0,1.0,2.0879765395894427,6.0,2.0,0.3671497584541063,0.1207729468599033,0.0238095238095238,0.585432236030006,1.0,0.625,1205.0,1058.0,917.0,870.0,0.3342857142857143,15.318895894566666,10.832095167338853,1.6318728505507565,0.570464135021097,19.637559809565484,13.88585170730016,1.3485976125658268,0.4369294605809128,0.570746887966805,0.4792060491493384,0.6167296786389413,0.8900697923433409,0.8935799249318367,2.837579617834395,2.7785714285714285,0.7394190871369295,0.7353497164461248,0.4224066390041494,0.4782608695652174,0.6257261410788382,0.7003780718336484,31.025742223159227,29.145096894123785,31.025742223159227,29.145096894123785,1.0,3.0,7.0,3.0,2.0,4.837209302325581,8.0,5.0,14.511627906976743
7,Автор 3368,Культура,1.0,10.194331983805668,39.0,9.0,1.0,3.782131661442006,15.0,3.0,1.0,2.582995951417004,9.0,2.0,1.0,2.1595744680851063,6.0,2.0,0.3198380566801619,0.1093117408906882,0.0222222222222222,0.5895609237451059,1.0,0.6111111111111112,1331.0,1138.0,934.0,884.0,0.2984512348262871,14.587519680574308,10.314934086826312,1.6784387104575549,0.5272448196469686,19.032004389907737,13.4576593636759,1.3833410713795729,0.4017655897821187,0.5262960180315552,0.452768014059754,0.5826010544815465,0.886948201041919,0.8970691207537301,2.1465721040189125,2.067385444743936,0.6821938392186326,0.6739894551845342,0.377160030052592,0.4367311072056239,0.5507137490608565,0.632688927943761,30.53487616905716,28.991302253035983,30.53487616905716,28.991302253035983,1.0,2.864,9.0,3.0,1.0,4.852,9.0,5.0,13.896128
8,Автор 3368,Культура,1.0,9.073170731707316,99.0,7.0,1.0,3.518987341772152,14.0,3.0,1.0,2.4773519163763065,22.0,2.0,1.0,2.244186046511628,10.0,2.0,0.2264808362369338,0.0940766550522648,0.0303030303030303,0.5527810467982017,1.0,0.5,1343.0,1173.0,868.0,829.0,0.269215128100854,13.34992190249686,9.439820305566345,1.6920108882102898,0.4730627306273062,17.413592688819367,12.31326947508466,1.3976066844842303,0.3696947133283693,0.4847356664184661,0.409846547314578,0.5300511508951407,0.8818304982201748,0.8653713626223456,2.534210526315789,2.4601769911504423,0.7170513775130305,0.710997442455243,0.3298585256887565,0.3768115942028985,0.4973938942665674,0.5626598465473146,27.96957447037068,26.59924875068085,27.96957447037068,26.59924875068085,0.0,2.702702702702702,8.0,2.0,0.0,4.533783783783784,9.0,4.0,12.25346968590212
9,Автор 3368,Культура,1.0,10.477777777777778,32.0,9.0,1.0,3.9318181818181817,13.0,3.0,1.0,2.607407407407408,9.0,2.0,1.0,2.2750642673521853,8.0,2.0,0.3,0.1333333333333333,0.0434782608695652,0.5987527106117282,1.0,0.6306818181818181,1487.0,1305.0,1008.0,963.0,0.2732942039618488,14.268993725963208,10.089702224336886,1.7240170281534752,0.4888739042481456,18.82640647016593,13.312279680428622,1.421554833317445,0.3757565568258237,0.5084061869535978,0.4166666666666667,0.553448275862069,0.8880862269625266,0.9009345081529482,2.4105504587155964,2.278894472361809,0.7067921990585071,0.6950191570881226,0.3429724277067922,0.3877394636015325,0.5238735709482178,0.5885057471264368,30.6522241168349,29.176645255280643,30.6522241168349,29.176645255280643,0.0,3.0354609929078014,9.0,3.0,0.0,4.73758865248227,10.0,5.0,14.380765555052562
10,Автор 3368,Культура,0.0,10.915730337078651,34.0,10.0,1.0,4.238839285714286,20.0,4.0,1.0,2.56,9.0,2.0,1.0,2.3946488294314383,9.0,2.0,0.3539325842696629,0.1292134831460674,0.0666666666666666,0.6171010216656841,1.0,0.6666666666666666,1054.0,910.0,756.0,711.0,0.3065810593900481,13.254091708996796,9.37205812590003,1.6003858121685888,0.5391389432485323,17.23558985732549,12.187402465864931,1.3037322003088665,0.4077324478178368,0.5379506641366224,0.454120879120879,0.585989010989011,0.8988771987105116,0.919211655117013,2.560810810810811,2.596837944664032,0.7191650853889943,0.721978021978022,0.3823529411764705,0.4351648351648352,0.5787476280834914,0.6494505494505495,27.259818835791112,25.293203708628013,27.259818835791112,25.293203708628013,0.0,3.1420454545454546,8.0,3.0,0.0,4.982954545454546,10.0,5.0,15.656669679752069
11,Автор 3368,Культура,0.0,9.210365853658535,27.0,8.0,1.0,3.947873799725651,14.0,4.0,1.0,2.263975155279504,8.0,2.0,1.0,2.0973630831643004,8.0,2.0,0.2865853658536585,0.1128048780487804,0.0588235294117647,0.6322827471767177,1.0,0.6666666666666666,1595.0,1369.0,1046.0,998.0,0.2714235746764603,14.51291472961008,10.262180420089416,1.733456585921292,0.4854744996772111,19.10698363837848,13.510677698717831,1.4340167680076854,0.3648902821316614,0.4918495297805642,0.4119795471146822,0.5467494521548576,0.8720797872844303,0.8904548918253432,2.1584158415841586,2.0287610619469025,0.6833855799373041,0.6698319941563184,0.3329153605015674,0.3842220598977355,0.5084639498432602,0.5850986121256392,29.996906841584448,28.89189189189189,29.996906841584448,28.89189189189189,0.0,2.9067524115755625,10.0,3.0,0.0,4.768488745980707,9.0,5.0,13.86081616195035
12,Автор 3368,Культура,1.0,12.169565217391304,40.0,11.0,1.0,4.1567732115677325,14.0,4.0,1.0,2.856521739130435,9.0,2.0,1.0,2.2583979328165373,6.0,2.0,0.3608695652173913,0.1130434782608695,0.0434782608695652,0.5926360380490657,1.0,0.6666666666666666,1526.0,1298.0,979.0,935.0,0.2605166051660517,13.56188494447702,9.589700809911443,1.714754970290386,0.4688142563399589,17.907231816686014,12.66232504985818,1.4138241409520824,0.3469855832241153,0.4811598951507209,0.3952234206471494,0.5402542372881356,0.8623400682623048,0.8605186482874546,2.5161290322580645,2.5176151761517613,0.7155963302752294,0.7157164869029276,0.3165137614678899,0.3705701078582434,0.5058977719528178,0.588597842835131,29.490029858830344,28.56130378606583,29.490029858830344,28.56130378606583,0.0,3.330578512396694,10.0,3.0,0.0,5.0578512396694215,10.0,5.0,16.845570657741956
13,Автор 3368,Культура,0.0,10.728813559322036,40.0,10.0,1.0,3.386111111111111,15.0,3.0,1.0,3.076923076923077,13.0,2.0,1.0,2.012539184952978,7.0,2.0,0.3474576271186441,0.1398305084745762,0.0263157894736842,0.6197420867001942,1.0,0.7,1357.0,1189.0,859.0,817.0,0.2532278217409413,12.408163265306122,8.773896386967772,1.6765921878520582,0.437219730941704,15.992921640553886,11.308703343020738,1.3872757030492513,0.3360353721444362,0.4747605011053795,0.3690075693860387,0.5153490328006728,0.8779591950666215,0.871653355880965,2.4181360201511337,2.4166666666666665,0.707442888725129,0.7073170731707317,0.288135593220339,0.3246425567703953,0.4812085482682388,0.5416316232127838,27.58060472173348,25.89766039876036,27.58060472173348,25.89766039876036,0.0,3.112033195020747,7.0,3.0,0.0,4.717842323651452,10.0,5.0,14.682081920077136
14,Автор 3368,Культура,1.0,10.03960396039604,35.0,9.0,1.0,4.145877378435518,14.0,4.0,1.0,2.341584158415841,11.0,2.0,1.0,2.138801261829653,5.0,2.0,0.2425742574257425,0.0841584158415841,0.05,0.5431975054646296,1.0,0.5798319327731092,1026.0,894.0,737.0,696.0,0.2805569881382155,12.354068218493422,8.735645412537911,1.6268670872524824,0.5067961165048543,16.264918469378625,11.501034145143947,1.3125157318623497,0.3976608187134502,0.5387426900584795,0.4379194630872484,0.5838926174496644,0.8915808386402447,0.8931562292239761,2.477966101694915,2.323420074349442,0.7124756335282652,0.6991051454138703,0.3538011695906433,0.4004474272930649,0.5623781676413255,0.6308724832214765,27.223427589974573,25.083752328399417,27.223427589974573,25.083752328399417,1.0,2.876237623762376,7.0,3.0,1.0,4.8861386138613865,10.0,5.0,14.053695716106263
15,Автор 3368,Культура,0.0,10.433526011560694,34.0,10.0,1.0,3.528225806451613,13.0,3.0,1.0,2.9176470588235293,10.0,3.0,1.0,2.318840579710145,6.0,2.0,0.3757225433526011,0.1156069364161849,0.0416666666666666,0.6242694426555023,1.0,0.6923076923076923,944.0,789.0,662.0,621.0,0.2938799076212471,12.230489482404812,8.648262050239191,1.585415174273852,0.5388888888888889,16.166666666666668,11.431559629182518,1.2687106446545309,0.4043961864406779,0.5259533898305084,0.4610266159695817,0.5903041825095057,0.8772084072651384,0.9017626772340572,2.095081967213115,2.094117647058824,0.676906779661017,0.6768060836501901,0.3824152542372881,0.4486692015209125,0.5646186440677966,0.6565272496831432,26.135423879400392,24.457847652380867,26.135423879400392,24.457847652380867,0.0,3.1242937853107344,7.0,3.0,0.0,4.661016949152542,10.0,4.0,14.562386287465287
16,Автор 3368,Культура,2.0,9.819607843137256,42.0,9.0,1.0,3.80503144654088,12.0,3.0,1.0,2.503937007874016,9.0,2.0,1.0,2.22979797979798,6.0,2.0,0.3098039215686274,0.1098039215686274,0.05,0.5869730993154936,1.0,0.6363636363636364,1320.0,1122.0,911.0,863.0,0.2847543049139017,13.894726292073024,9.825055183855849,1.6785766741406465,0.509773260359656,18.23107692251052,12.891318120240763,1.376507451655416,0.3852272727272727,0.5176136363636363,0.4358288770053475,0.5768716577540107,0.8878579898147003,0.8922964140733756,2.251231527093596,2.280701754385965,0.6924242424242424,0.6951871657754011,0.3560606060606061,0.4162210338680926,0.5537878787878788,0.6417112299465241,29.20306386997672,27.8239948256364,29.20306386997672,27.8239948256364,1.0,3.0357142857142856,10.0,3.0,1.0,4.805555555555555,9.0,5.0,14.58829365079365
17,Автор 3368,Культура,0.0,11.938388625592417,52.0,10.0,1.0,4.239655172413793,16.0,4.0,1.0,2.761904761904762,10.0,2.0,1.0,2.1878048780487807,7.0,2.0,0.2890995260663507,0.1421800947867298,0.037037037037037,0.6025860185715854,1.0,0.6666666666666666,1409.0,1218.0,982.0,941.0,0.2925225965488907,14.431773582717064,10.204804964888112,1.6751379937386246,0.506578947368421,18.736574140603075,13.24875863102494,1.3936683217478911,0.3789921930447125,0.5227111426543648,0.4267241379310345,0.5794334975369458,0.8814610779312719,0.8891255283479084,2.7876344086021505,2.854430379746836,0.7359829666430092,0.7405582922824302,0.3364088005677785,0.3891625615763547,0.552874378992193,0.6330049261083743,30.76992854206898,29.770895850432083,30.76992854206898,29.770895850432083,0.0,3.342592592592593,10.0,3.0,0.0,4.87037037037037,9.0,5.0,16.27966392318244
18,Автор 3368,Культура,2.0,13.725146198830409,47.0,12.0,1.0,4.502958579881657,16.0,4.0,1.0,2.9649122807017543,18.0,3.0,1.0,2.555555555555556,6.0,3.0,0.3391812865497076,0.1637426900584795,0.0434782608695652,0.6639845487755555,1.0,0.75,1350.0,1203.0,1006.0,964.0,0.3377483443708609,16.07412465559816,11.366122545611336,1.646076443629899,0.5533980582524272,20.250134843132493,14.31900766752097,1.3848154084833255,0.425,0.5588888888888889,0.4619700748129676,0.600997506234414,0.8999725040241356,0.9096362280234606,3.530201342281879,3.812,0.7792592592592592,0.7921862011637573,0.4014814814814815,0.4430590191188694,0.6125925925925926,0.6724854530340815,32.11553218315722,30.47489189060354,32.11553218315722,30.47489189060354,0.0,3.8333333333333335,10.0,3.0,0.0,4.913793103448276,9.0,5.0,18.83620689655173
19,Автор 3368,Культура,0.0,11.248275862068963,33.0,11.0,1.0,3.7714285714285714,15.0,3.0,1.0,2.978723404255319,7.0,3.0,1.0,2.210843373493976,6.0,2.0,0.3931034482758621,0.1517241379310344,0.0714285714285714,0.6675840978293708,1.0,0.75,948.0,844.0,752.0,716.0,0.3833333333333333,15.140453537900816,10.705917366889524,1.527247565583632,0.6172707889125799,18.905020147579418,13.367867944821716,1.2747960898516633,0.4731012658227848,0.5949367088607594,0.5145142180094786,0.636255924170616,0.9181081547044136,0.9345575108965836,2.717647058823529,2.7847533632287,0.7310126582278481,0.735781990521327,0.4789029535864978,0.5343601895734598,0.680379746835443,0.7523696682464455,28.97081318978874,26.95197150066228,28.97081318978874,26.95197150066228,1.0,3.643939393939394,9.0,3.0,2.0,4.787878787878788,10.0,5.0,17.44674012855831
20,Автор 3368,Культура,2.0,9.96,35.0,9.0,1.0,3.9460580912863072,15.0,3.0,1.0,2.41,9.0,2.0,1.0,2.211428571428572,7.0,2.0,0.33,0.11,0.0666666666666666,0.5450237724727135,1.0,0.6125,536.0,474.0,443.0,410.0,0.3552492046659597,10.909100951182754,7.713899259229942,1.392091124022155,0.6179337231968811,13.99589190632063,9.896590075713236,1.0847329745961394,0.46875,0.6198694029850746,0.5015822784810127,0.6487341772151899,0.909250661755849,0.9150668640843476,2.435897435897436,2.3146853146853146,0.7089552238805971,0.6983122362869199,0.4458955223880597,0.4915611814345991,0.7014925373134329,0.7637130801687764,23.6268014396502,20.25580085690098,23.6268014396502,20.25580085690098,1.0,3.021276595744681,8.0,3.0,2.0,4.808510638297872,9.0,5.0,14.527840651878678
21,Автор 3368,Культура,1.0,8.12406015037594,25.0,7.0,1.0,3.333870967741936,12.0,3.0,1.0,2.330827067669173,10.0,2.0,1.0,1.9918032786885247,7.0,2.0,0.2819548872180451,0.1052631578947368,0.0588235294117647,0.5376367188779443,1.0,0.5,1111.0,969.0,779.0,736.0,0.3000491883915396,13.528858226725534,9.566347393829036,1.633590308154282,0.5340599455040872,17.72081397556002,12.530507730263832,1.3295164438142084,0.4117911791179117,0.5258775877587759,0.4551083591331269,0.5696594427244582,0.8591227490110879,0.8639846705770377,2.471875,2.4731182795698925,0.711971197119712,0.7120743034055728,0.3771377137713771,0.4293085655314757,0.54995499549955,0.6191950464396285,27.99139960497125,26.0530735595412,27.99139960497125,26.0530735595412,1.0,2.394160583941606,7.0,2.0,1.0,4.5,9.0,4.0,10.773722627737229
22,Автор 3368,Культура,1.0,12.081395348837209,38.0,9.0,1.0,3.737037037037037,15.0,3.0,1.0,3.13953488372093,10.0,2.0,1.0,2.3173076923076925,8.0,2.0,0.4069767441860465,0.1046511627906976,0.0714285714285714,0.644215869492932,1.0,0.7142857142857143,642.0,571.0,506.0,478.0,0.4218905472636816,13.37466231498205,9.457314419003977,1.381819813664543,0.6506410256410257,16.253007611216344,11.492611896567643,1.1463609938516142,0.4953271028037382,0.5911214953271028,0.5332749562171628,0.62784588441331,0.9275491327936116,0.9305539423366496,4.5344827586206895,4.88659793814433,0.8193146417445483,0.830122591943958,0.5218068535825545,0.574430823117338,0.6853582554517134,0.7495621716287215,23.87744539840672,21.677625321508,23.87744539840672,21.677625321508,1.0,3.211764705882353,8.0,3.0,1.0,4.705882352941177,9.0,5.0,15.114186851211072
23,Автор 3368,Культура,0.0,7.42948717948718,23.0,6.0,1.0,3.455089820359281,13.0,3.0,1.0,2.168831168831169,6.0,2.0,1.0,2.223684210526316,7.0,2.0,0.3974358974358974,0.1089743589743589,0.0769230769230769,0.661468488152755,1.0,0.75,709.0,616.0,581.0,545.0,0.4241893076248904,14.328559763299555,10.131821773265829,1.4269564099418033,0.6652173913043479,17.47383136603692,12.3558646522349,1.183201969835533,0.5119887165021157,0.6145980253878702,0.5588474025974026,0.6635551948051948,0.9390349696163138,0.9458196085610704,3.245508982035928,3.219178082191781,0.764456981664316,0.762987012987013,0.5345557122708039,0.6038961038961039,0.7179125528913963,0.8035714285714286,26.251496028294355,23.9329420315538,26.251496028294355,23.9329420315538,1.0,2.526666666666667,6.0,2.0,1.0,3.993333333333333,8.0,4.0,10.089822222222224
24,Автор 3368,Культура,0.0,9.313953488372093,30.0,8.5,1.0,3.792,13.0,3.0,1.0,2.431906614785992,9.0,2.0,1.0,2.2125,7.0,2.0,0.2829457364341085,0.1240310077519379,0.0416666666666666,0.5562418974621047,1.0,0.6,1295.0,1046.0,796.0,751.0,0.2468817204301075,11.904205455505284,8.417544402225678,1.670161108719756,0.4745908699397071,16.17094831284729,11.43458721023148,1.340042167166452,0.3324324324324325,0.461003861003861,0.395076481835564,0.5384799235181644,0.8667047725423728,0.8776655706344373,2.354922279792746,2.385113268608414,0.7019305019305019,0.7045889101338432,0.2965250965250965,0.3661567877629063,0.4795366795366795,0.5841300191204589,25.73215166564253,24.85937504694488,25.73215166564253,24.85937504694488,0.0,2.700389105058366,8.0,2.0,0.0,4.9221789883268485,10.0,5.0,13.291798513225032
25,Автор 3368,Культура,1.0,10.428571428571429,27.0,9.0,1.0,4.246875,15.0,4.0,1.0,2.406015037593985,8.0,2.0,1.0,2.136363636363636,6.0,2.0,0.4210526315789473,0.0827067669172932,0.0769230769230769,0.5891212600854612,1.0,0.6666666666666666,807.0,704.0,582.0,545.0,0.3387573964497041,12.455957914747646,8.807692307692308,1.4881709173821718,0.5772787318361955,15.883035157438185,11.231001865648883,1.2008841567072726,0.4256505576208178,0.5408921933085502,0.4655539772727273,0.5806107954545454,0.8991540700559298,0.9017859045565284,2.202380952380953,2.2442396313364057,0.6877323420074349,0.6917613636363636,0.40272614622057,0.4559659090909091,0.587360594795539,0.6477272727272727,24.359553695783195,22.010328154176744,24.359553695783195,22.010328154176744,1.0,3.070866141732284,8.0,3.0,1.0,4.929133858267717,9.0,5.0,15.136710273420547
26,Автор 3368,Культура,1.0,12.0561797752809,35.0,11.0,1.0,4.672566371681416,14.0,4.0,1.0,2.539325842696629,12.0,2.0,1.0,2.172,6.0,2.0,0.3370786516853932,0.2022471910112359,0.0888888888888888,0.6830538220065824,1.0,0.7692307692307693,644.0,574.0,514.0,483.0,0.3998091603053435,12.942953224358764,9.152049993524372,1.404125767396566,0.6334913112164297,15.938319102019143,11.27009351775282,1.153051626091828,0.4879658385093168,0.5986024844720497,0.5239547038327527,0.6310975609756098,0.9118026509424426,0.90003978934796,3.15483870967742,3.0709219858156027,0.7593167701863354,0.7543554006968641,0.5031055900621118,0.5609756097560976,0.6925465838509317,0.7578397212543554,24.313206032476256,22.03829419782361,24.313206032476256,22.03829419782361,1.0,3.6506024096385534,8.0,3.0,1.0,4.734939759036145,10.0,5.0,17.285382493830745
27,Автор 3368,Культура,0.0,10.66326530612245,32.0,9.5,1.0,4.237113402061856,20.0,4.0,1.0,2.5,12.0,2.0,1.0,2.219373219373219,5.0,2.0,0.3265306122448979,0.1020408163265306,0.0303030303030303,0.603408102143482,1.0,0.6666666666666666,1174.0,1042.0,845.0,796.0,0.309747649678377,13.92487086829404,9.846370618117724,1.6171929824374416,0.5172413793103449,17.616606585441104,12.456821978060995,1.3405131581553709,0.3999148211243611,0.5398211243611584,0.4318618042226487,0.572936660268714,0.8988371037266283,0.9074193905408966,2.483679525222552,2.4052287581699345,0.712947189097104,0.7063339731285988,0.3645655877342419,0.4021113243761996,0.5724020442930153,0.6238003838771593,29.0686785898054,26.76577870693972,29.0686785898054,26.76577870693972,1.0,3.1624365482233503,7.0,3.0,2.0,4.756345177664975,11.0,5.0,15.0416398258136
28,Автор 3368,Культура,0.0,10.92741935483871,64.0,9.0,1.0,3.596707818930041,13.0,3.0,1.0,2.975510204081633,19.0,2.0,1.0,2.129139072847682,6.0,2.0,0.3225806451612903,0.1612903225806451,0.0256410256410256,0.5825037110844754,1.0,0.6,1371.0,1132.0,906.0,857.0,0.2625871417505809,13.342941283948374,9.434884262853837,1.7136422841582637,0.5054263565891473,18.153181112304367,12.836237464617971,1.3790764262998825,0.3708971553610503,0.4956236323851203,0.4319787985865724,0.5678003533568905,0.8632565509021882,0.9048735487112136,2.0198237885462555,1.9947089947089949,0.6688548504741065,0.666077738515901,0.3362509117432531,0.4019434628975265,0.5164113785557987,0.6148409893992933,29.735044417669663,28.711369806816,29.735044417669663,28.711369806816,0.0,2.933085501858736,9.0,3.0,0.0,4.87360594795539,10.0,5.0,14.294702947720456
29,Автор 3368,Общество,2.0,12.880184331797237,54.0,11.0,1.0,3.964387464387464,14.0,3.0,1.0,3.2350230414746544,11.0,3.0,1.0,2.404938271604938,9.0,2.0,0.3594470046082949,0.1336405529953917,0.04,0.6101899472249843,1.0,0.6666666666666666,1526.0,1309.0,1019.0,976.0,0.279395503133063,14.552724534425222,10.290330203031916,1.7153557073267385,0.4903397734843437,18.99710697144376,13.432983162434118,1.4274922029513986,0.3725425950196592,0.5008191349934469,0.4216959511077158,0.559205500381971,0.8771461827609428,0.8921032928439774,2.7310513447432765,2.8613569321533925,0.7319790301441678,0.7410236822001528,0.3427260812581914,0.3980137509549274,0.5196592398427261,0.6004583651642476,30.641984150190904,29.74010161386568,30.641984150190904,29.74010161386568,0.0,3.455357142857143,10.0,3.0,0.0,5.25,10.0,5.0,18.140625
30,Автор 3368,Общество,1.0,10.349056603773583,28.0,9.0,1.0,3.584158415841584,18.0,3.0,1.0,2.858490566037736,7.0,2.0,1.0,2.3229166666666665,9.0,2.0,0.3490566037735849,0.1886792452830188,0.0909090909090909,0.6331895912872194,1.0,0.6794871794871795,633.0,556.0,522.0,491.0,0.3977591036414565,13.0171186578006,9.204492874440737,1.420369176058486,0.6523125996810207,16.333886655341328,11.549802017124309,1.1559705294728952,0.5047393364928909,0.6184834123222749,0.5517086330935251,0.662320143884892,0.9317378511768126,0.9388517588241932,3.654411764705882,3.4838709677419355,0.7851500789889415,0.7769784172661871,0.5134281200631912,0.579136690647482,0.7156398104265402,0.7949640287769785,25.596701999252687,22.901101101359217,25.596701999252687,22.901101101359217,1.0,3.233009708737864,7.0,3.0,1.0,4.611650485436893,8.0,5.0,14.90951079272316
31,Автор 3368,Общество,2.0,9.654867256637168,42.0,7.0,1.0,3.792387543252595,14.0,3.0,1.0,2.557522123893805,11.0,2.0,1.0,2.260204081632653,6.0,2.0,0.4424778761061947,0.0973451327433628,0.1111111111111111,0.6655370716360178,1.0,0.7333333333333333,624.0,550.0,513.0,480.0,0.3998136067101584,13.096565858218634,9.260670528602612,1.424967023978062,0.6445497630331753,16.21654412375015,11.466828317314592,1.1641341174703204,0.515625,0.6165865384615384,0.5563636363636364,0.6545454545454545,0.950859732431709,0.9602951974691484,3.4571428571428573,3.230769230769231,0.7756410256410257,0.7636363636363637,0.5416666666666666,0.6036363636363636,0.7099358974358975,0.78,25.46037645500885,22.556635790423584,25.46037645500885,22.556635790423584,1.0,2.954954954954955,8.0,3.0,2.0,4.576576576576577,10.0,5.0,13.52357763168574
32,Автор 3368,Общество,1.0,11.132,37.0,10.0,1.0,3.882352941176471,18.0,3.0,1.0,2.788,11.0,2.0,1.0,2.148888888888889,8.0,2.0,0.216,0.128,0.03125,0.5981704863390093,1.0,0.6666666666666666,1518.0,1341.0,962.0,919.0,0.2569288389513108,13.276037945132549,9.387576458293143,1.7079117257058565,0.4338762214983713,16.99886947764219,12.020015880145818,1.4340153750484097,0.3389328063241107,0.475296442687747,0.3724832214765101,0.5139821029082774,0.8325373810659956,0.8366582377626606,3.0372340425531914,3.164596273291925,0.7523056653491436,0.7598806860551827,0.2786561264822134,0.3146905294556301,0.4683794466403162,0.522744220730798,29.38797088392752,27.881193028331342,29.38797088392752,27.881193028331342,0.0,3.2337164750957856,9.0,3.0,0.0,4.724137931034483,9.0,5.0,15.276522658211126
33,Автор 3368,Общество,0.0,8.81578947368421,49.0,7.0,1.0,3.775280898876405,16.0,3.0,1.0,2.383928571428572,10.0,2.0,1.0,2.342245989304813,6.0,2.0,0.3245614035087719,0.0350877192982456,0.032258064516129,0.6153628366987152,1.0,0.7142857142857143,620.0,548.0,504.0,473.0,0.4249748237663645,13.391765217080453,9.469407997055724,1.383940798276218,0.6463022508038585,16.11873148926897,11.397664340187228,1.1552380121382748,0.510483870967742,0.6096774193548387,0.5501824817518248,0.6473540145985401,0.9255737406271904,0.9364666502919052,3.732824427480916,3.6440677966101696,0.7887096774193548,0.7846715328467153,0.5161290322580645,0.5784671532846716,0.6935483870967742,0.7591240875912408,24.93996016242259,22.51232428083665,24.93996016242259,22.51232428083665,1.0,2.831858407079646,8.0,2.0,1.0,4.256637168141593,9.0,4.0,12.054193750489466
34,Автор 3368,Общество,1.0,9.13740458015267,38.0,8.0,1.0,3.7056962025316458,18.0,3.0,1.0,2.4307692307692306,9.0,2.0,1.0,2.347417840375587,8.0,2.0,0.3435114503816794,0.1450381679389313,0.0625,0.6371666305717046,1.0,0.6666666666666666,730.0,638.0,586.0,549.0,0.3939914163090128,13.447752975342643,9.508997320586351,1.4311625049731864,0.6253561253561254,16.56898726631592,11.716043253405545,1.1838360443064353,0.4715753424657534,0.602054794520548,0.5160658307210031,0.6453761755485894,0.933454445057565,0.9291067803586311,3.834437086092715,3.7611940298507465,0.7931506849315069,0.7899686520376176,0.4616438356164383,0.5235109717868338,0.6863013698630137,0.7617554858934169,25.908162356916183,23.71463709482363,25.908162356916183,23.71463709482363,1.0,2.9302325581395348,11.0,3.0,1.0,4.263565891472868,9.0,4.0,12.493239588967008
35,Автор 3368,Общество,1.0,7.317241379310345,22.0,7.0,1.0,3.616438356164384,14.0,3.0,1.0,2.013793103448276,6.0,2.0,1.0,2.2439024390243905,7.0,2.0,0.2344827586206896,0.1034482758620689,0.0666666666666666,0.6629310009745344,1.0,0.7142857142857143,626.0,566.0,529.0,498.0,0.4177820267686424,13.511874248152871,9.55433790740878,1.4101592002236922,0.6656200941915228,16.799491657106937,11.879034471227149,1.1602316570488462,0.5235623003194888,0.6337859424920128,0.5618374558303887,0.6598939929328622,0.9140846013128558,0.9311291940580372,3.0128205128205128,3.101449275362319,0.7507987220447284,0.7561837455830389,0.5511182108626198,0.6060070671378092,0.7476038338658147,0.7968197879858657,25.499608466580067,22.571793586783965,25.499608466580067,22.571793586783965,1.0,2.4859154929577465,6.0,2.0,1.0,3.915492957746479,8.0,4.0,9.733584606228924
36,Автор 3368,Общество,1.0,10.28,32.0,9.0,1.0,3.5133079847908744,14.0,3.0,1.0,2.869090909090909,13.0,2.0,1.0,2.251111111111112,7.0,2.0,0.3963636363636363,0.1236363636363636,0.0384615384615384,0.6329925326488153,1.0,0.6666666666666666,1550.0,1345.0,1042.0,999.0,0.2785321100917431,14.53980300965708,10.281193305245091,1.7140953142716626,0.4829172141918528,18.83996158252484,13.321864592297352,1.4285800560699982,0.367258064516129,0.5041935483870967,0.4098513011152416,0.5570631970260224,0.8924853604560665,0.9037655633028664,2.8271604938271606,2.7257617728531858,0.7387096774193549,0.7315985130111524,0.3309677419354839,0.379182156133829,0.5245161290322581,0.5992565055762081,30.7340307340461,29.44846169005744,30.7340307340461,29.44846169005744,0.0,3.068100358422939,9.0,3.0,0.0,4.60931899641577,10.0,5.0,14.141853264988889
37,Автор 3368,Общество,1.0,11.563218390804598,30.0,10.0,1.0,3.8980392156862735,12.0,4.0,1.0,2.931034482758621,10.0,3.0,1.0,2.3950617283950617,7.0,2.0,0.5172413793103449,0.1034482758620689,0.0526315789473684,0.679658956775616,1.0,0.75,583.0,484.0,433.0,396.0,0.3482233502538071,10.9288887420934,7.727891340367559,1.3949270807598693,0.5686274509803921,13.468190556371896,9.523448872723188,1.129634804720516,0.4412521440823328,0.5570325900514579,0.4943181818181817,0.6136363636363636,0.8736316685926088,0.8837733998344465,4.025862068965517,4.041666666666667,0.8010291595197255,0.8016528925619835,0.444253859348199,0.5206611570247934,0.6192109777015438,0.7148760330578512,22.9029198854554,20.363636363636363,22.9029198854554,20.363636363636363,1.0,3.269662921348315,9.0,3.0,2.0,4.876404494382022,11.0,5.0,15.944198964777176
38,Автор 3368,Общество,1.0,14.4,48.0,13.0,1.0,4.2837465564738295,17.0,4.0,1.0,3.3,13.0,3.0,1.0,2.374485596707819,7.0,2.0,0.3363636363636363,0.2363636363636363,0.0204081632653061,0.6249762781917816,1.0,0.6666666666666666,864.0,771.0,635.0,596.0,0.3142112125162972,12.306494400634785,8.702005643323133,1.5406164410342646,0.5422535211267606,15.827859197015982,11.191986569875862,1.2439309288135691,0.4184027777777778,0.5512152777777778,0.4494163424124513,0.5797665369649806,0.8849495391738114,0.883331978427063,2.77292576419214,2.8168316831683167,0.7349537037037037,0.7380025940337225,0.3831018518518518,0.4215304798962386,0.5821759259259259,0.6277561608300908,25.88974575358332,23.19309347531296,25.88974575358332,23.19309347531296,1.0,3.851851851851852,11.0,4.0,2.0,5.546296296296297,11.0,5.5,21.363511659807955
39,Автор 3368,Общество,0.0,9.724409448818898,33.0,8.0,1.0,3.4112676056338027,14.0,3.0,1.0,2.8174603174603177,12.0,2.0,1.0,2.318681318681319,7.0,2.0,0.5118110236220472,0.0708661417322834,0.0303030303030303,0.6213640917671026,1.0,0.6666666666666666,710.0,634.0,590.0,556.0,0.413647851727043,14.251354153131487,10.077229162770342,1.4483299304449515,0.6477900552486188,17.43024772949605,12.32504636728808,1.2027527187264515,0.518661971830986,0.6232394366197183,0.5548107255520505,0.6577287066246057,0.9407353488589308,0.9428840220499258,3.76510067114094,3.5611510791366907,0.7901408450704225,0.7807570977917981,0.547887323943662,0.6009463722397477,0.7323943661971831,0.7933753943217665,27.20876515772905,24.82192096217305,27.20876515772905,24.82192096217305,1.0,2.6861313868613137,8.0,3.0,1.0,4.255474452554744,10.0,4.0,11.430763492993766
40,Автор 3368,Общество,1.0,10.032679738562091,36.0,8.0,1.0,3.555035128805621,16.0,3.0,1.0,2.8092105263157894,14.0,2.0,1.0,2.226086956521739,7.0,2.0,0.4183006535947712,0.0980392156862745,0.0227272727272727,0.6243755077515438,1.0,0.6875,896.0,809.0,761.0,728.0,0.424684804246848,16.48630567222332,11.657578537543351,1.522049772089228,0.6866002214839424,20.632308094831373,14.589244965385362,1.2642444730683415,0.5357142857142857,0.6369977678571428,0.5747836835599506,0.6749072929542645,0.9530642919797968,0.946682588648964,3.7157894736842105,3.544943820224719,0.7879464285714286,0.7799752781211372,0.5736607142857143,0.6266996291718171,0.7633928571428571,0.826946847960445,30.36755861229922,28.2319765404754,30.36755861229922,28.2319765404754,1.0,2.981132075471698,8.0,3.0,1.0,4.251572327044025,8.0,4.0,12.674498635338791
41,Автор 3368,Общество,2.0,11.823529411764708,33.0,11.0,1.0,3.2057877813504825,11.0,3.0,1.0,3.6588235294117646,14.0,3.0,1.0,2.515527950310559,10.0,2.0,0.6705882352941176,0.0941176470588235,0.037037037037037,0.7135360255417718,1.0,0.8,577.0,505.0,496.0,460.0,0.4339430894308943,13.612262823902272,9.62532335007484,1.3969650715723465,0.7112676056338029,16.95146343759312,11.986494747757918,1.1254895769536275,0.5550259965337955,0.6447140381282496,0.6000000000000001,0.6831683168316832,0.9470117271541664,0.958511997609742,4.151785714285714,4.206185567010309,0.8058925476603119,0.807920792079208,0.6135181975736569,0.691089108910891,0.7660311958405546,0.8435643564356435,24.9783268273088,22.16070914260124,24.9783268273088,22.16070914260124,1.0,3.372093023255814,9.0,3.0,2.0,4.965116279069767,9.0,5.0,16.74283396430503
42,Автор 3368,Общество,1.0,11.662921348314606,40.0,10.0,1.0,3.615384615384616,15.0,3.0,1.0,3.25,12.0,2.0,1.0,2.4444444444444446,8.0,2.0,0.3258426966292135,0.0674157303370786,0.03125,0.527845912923099,1.0,0.5,597.0,512.0,468.0,435.0,0.3616600790513834,11.505111426353348,8.135342307881283,1.403853004985074,0.5891341256366723,14.297885913516213,10.110132086078927,1.1423066176200345,0.4597989949748743,0.5879396984924623,0.50830078125,0.63720703125,0.902592759078583,0.9222610999254072,3.2642857142857142,3.129032258064516,0.7654941373534339,0.7578125,0.4606365159128978,0.521484375,0.6532663316582915,0.73828125,24.26987434392722,21.74353352148633,24.26987434392722,21.74353352148633,1.0,3.06,9.0,3.0,2.0,4.41,8.0,4.0,13.4946
43,Автор 3368,Общество,1.0,10.514563106796116,26.0,9.0,1.0,3.5162337662337664,16.0,3.0,1.0,2.9902912621359223,10.0,2.0,1.0,2.256578947368421,6.0,2.0,0.4563106796116505,0.116504854368932,0.05,0.6383209135233723,1.0,0.7,614.0,543.0,509.0,477.0,0.3877358490566038,12.623764650937696,8.926349588781076,1.4223028045093562,0.6290322580645161,15.662776913598728,11.075255767817763,1.1558111761549004,0.5020358306188925,0.621742671009772,0.5386740331491713,0.6588397790055248,0.9146948697165106,0.9149641758722684,3.1486486486486487,3.0522388059701493,0.758957654723127,0.7532228360957642,0.503257328990228,0.5580110497237569,0.7247557003257329,0.7937384898710865,25.54580098338544,22.78739110495464,25.54580098338544,22.78739110495464,1.0,2.8392857142857144,7.0,3.0,1.0,4.633928571428571,8.0,5.0,13.15704719387755
44,Автор 3368,Общество,0.0,9.97,35.0,9.0,1.0,3.278523489932886,16.0,3.0,1.0,3.01010101010101,12.0,2.0,1.0,2.23841059602649,7.0,2.0,0.38,0.15,0.0476190476190476,0.6265654767718751,1.0,0.6666666666666666,591.0,512.0,484.0,448.0,0.4170124481327801,12.9475481906567,9.155299125352968,1.3796366825925563,0.654639175257732,15.792958107118372,11.167307772538464,1.1355865753952157,0.5101522842639594,0.6142131979695431,0.55810546875,0.65625,0.9156110426032152,0.9361362510257764,3.282608695652174,3.096,0.766497461928934,0.755859375,0.5211505922165821,0.587890625,0.7038917089678511,0.783203125,24.80410560416027,22.141281085903767,24.80410560416027,22.141281085903767,1.0,2.981132075471698,7.0,3.0,2.0,4.443396226415095,9.0,4.0,13.24635101459594
45,Автор 3368,Общество,0.0,10.968586387434556,39.0,10.0,1.0,4.143145161290323,14.0,4.0,1.0,2.610526315789474,10.0,2.0,1.0,2.2536023054755043,8.0,2.0,0.3664921465968586,0.1308900523560209,0.0666666666666666,0.6040321791076982,1.0,0.6602564102564102,1118.0,973.0,820.0,778.0,0.2916871618298081,13.15182447286597,9.29974426973872,1.6320905820944704,0.5135135135135135,17.10855641784843,12.097576259373252,1.3330211757793349,0.3978085867620751,0.5500894454382826,0.4393627954779033,0.5996916752312436,0.8997422953601647,0.9047175780640032,2.472049689440994,2.402097902097902,0.7119856887298748,0.7060637204522097,0.3613595706618962,0.4110996916752312,0.5983899821109123,0.6762589928057554,29.07002218135255,27.21769042641193,29.07002218135255,27.21769042641193,1.0,3.227027027027027,9.0,3.0,1.0,5.043243243243243,11.0,5.0,16.27468224981738
46,Автор 3368,Общество,1.0,10.574850299401197,35.0,9.0,1.0,4.098850574712643,18.0,3.0,1.0,2.604790419161677,10.0,2.0,1.0,2.2784431137724552,10.0,2.0,0.3952095808383233,0.0838323353293413,0.0454545454545454,0.6381631584190852,1.0,0.6666666666666666,1039.0,919.0,826.0,788.0,0.3884439359267734,16.240487446326206,11.48375880307226,1.5673007953022913,0.6424361493123772,20.497639904396184,14.494020174718516,1.2990817412786917,0.4901347449470645,0.5962463907603465,0.5337323177366703,0.6430903155603918,0.9469822382566726,0.9517510709961604,3.240816326530612,3.048458149779736,0.7641963426371511,0.7529923830250272,0.4995187680461982,0.558215451577802,0.6737247353224254,0.7486398258977149,30.46517758418296,28.46774323313692,30.46517758418296,28.46774323313692,1.0,3.2371794871794872,11.0,3.0,1.0,4.762820512820513,10.0,5.0,15.41810486522025
47,Автор 3368,Общество,1.0,10.3302752293578,30.0,9.0,1.0,3.7560975609756095,14.0,3.0,1.0,2.6574074074074074,9.0,2.0,1.0,2.1333333333333333,6.0,2.0,0.3761467889908257,0.1651376146788991,0.0833333333333333,0.6502716717462548,1.0,0.7,634.0,548.0,491.0,460.0,0.3675777568331762,11.973108416987577,8.466266153533645,1.4148178060288663,0.6283333333333333,15.390960550487636,10.883052574224443,1.1349933729821615,0.4613564668769715,0.5808359621451104,0.5159671532846716,0.6295620437956204,0.9033157374332624,0.9155608121791492,2.427027027027027,2.382716049382716,0.7082018927444795,0.7043795620437956,0.4542586750788643,0.531021897810219,0.6403785488958991,0.7208029197080292,23.193602947054497,20.80360896540313,23.193602947054497,20.80360896540313,0.0,3.219047619047619,9.0,3.0,0.0,4.838095238095238,9.0,5.0,15.5740589569161
48,Автор 3368,Общество,0.0,8.98360655737705,25.0,8.0,1.0,3.839622641509434,14.0,3.0,1.0,2.32967032967033,9.0,2.0,1.0,2.085227272727273,6.0,2.0,0.2459016393442623,0.1147540983606557,0.0833333333333333,0.6298743820932482,1.0,0.6833333333333333,1030.0,924.0,832.0,789.0,0.4073383084577114,16.334215378762487,11.550034459684548,1.523710639923963,0.6291126620139581,19.92410825434372,14.088472055741311,1.2894405511610705,0.4769417475728156,0.6058252427184465,0.5121753246753247,0.640422077922078,0.9285859520138996,0.9331103582503948,3.2916666666666665,3.219178082191781,0.7669902912621359,0.762987012987013,0.4805825242718446,0.5270562770562771,0.6970873786407767,0.7564935064935064,29.850176041503303,27.666868773058287,29.850176041503303,27.666868773058287,1.0,2.9887640449438204,9.0,3.0,1.0,4.415730337078652,10.0,4.0,13.19757606362833
49,Автор 3368,Общество,2.0,10.03012048192771,37.0,8.0,1.0,3.95260663507109,19.0,3.0,1.0,2.542168674698796,11.0,2.0,1.0,2.2965299684542586,8.0,2.0,0.3554216867469879,0.1204819277108433,0.0526315789473684,0.6216640303187192,1.0,0.6837500000000001,966.0,874.0,789.0,752.0,0.3885505481120584,15.74468957126476,11.133176763518428,1.550714023354367,0.6227180527383367,19.5537434876634,13.82658461770908,1.2938587186699964,0.4953416149068322,0.6125776397515528,0.5268878718535469,0.6453089244851259,0.9502415914385264,0.942346380373557,3.535211267605634,3.3267326732673266,0.7795031055900621,0.7688787185354691,0.5072463768115942,0.5480549199084668,0.7070393374741201,0.7631578947368421,30.050957412499645,27.77073925573586,30.050957412499645,27.77073925573586,1.0,3.0545454545454547,9.0,3.0,1.0,4.581818181818182,8.0,4.0,13.995371900826449
50,Автор 3368,Общество,0.0,9.017391304347829,30.0,7.0,1.0,3.313725490196078,17.0,3.0,1.0,2.756756756756757,8.0,2.0,1.0,2.114093959731544,7.0,2.0,0.4347826086956521,0.0869565217391304,0.04,0.6157270950444387,1.0,0.6666666666666666,568.0,492.0,455.0,420.0,0.3565044687189672,11.313050175355418,7.999534494897476,1.4136080325647604,0.6181818181818182,14.497648712181508,10.251385715643965,1.1141947195266606,0.474031690140845,0.6007922535211268,0.5182926829268293,0.6402439024390244,0.9073765880886556,0.9140368623022442,3.176470588235294,2.967741935483871,0.7605633802816901,0.7479674796747967,0.4841549295774648,0.5467479674796748,0.6919014084507042,0.7621951219512195,23.28728269273312,20.42281722521734,23.28728269273312,20.42281722521734,0.0,2.6942148760330578,7.0,3.0,0.0,4.421487603305785,9.0,4.0,11.912437675022195
51,Автор 3368,Общество,1.0,9.412087912087912,29.0,8.0,1.0,3.878859857482185,16.0,4.0,1.0,2.3131868131868134,12.0,2.0,1.0,2.1690647482014387,6.0,2.0,0.2582417582417582,0.1098901098901098,0.0625,0.6312129717314999,1.0,0.6666666666666666,901.0,804.0,650.0,614.0,0.2822878228782288,11.382886747267014,8.048916408470989,1.562241750914472,0.4803493449781659,14.538009210011976,10.27992489735195,1.27379010897676,0.3820754716981132,0.5410654827968924,0.4104477611940298,0.5727611940298507,0.8699552059417024,0.8668515235749435,2.3003663003663,2.268292682926829,0.6970033296337403,0.6940298507462687,0.3285238623751387,0.3594527363184079,0.5660377358490566,0.6194029850746269,25.81899343029482,23.48800900809132,25.81899343029482,23.48800900809132,0.0,3.0543478260869565,8.0,3.0,0.0,4.413043478260869,8.0,4.0,13.478969754253306
52,Автор 3368,Общество,2.0,12.087301587301589,45.0,10.5,1.0,4.337260677466863,19.0,4.0,1.0,2.6944444444444446,12.0,2.0,1.0,2.465934065934066,8.0,2.0,0.2023809523809523,0.1468253968253968,0.0303030303030303,0.6127202520183778,1.0,0.6666666666666666,1647.0,1465.0,1133.0,1088.0,0.2857142857142857,15.455003812912596,10.928337999374444,1.7385349506610843,0.4900662251655629,19.972829225845,14.122922985075862,1.4562185525757514,0.3806921675774134,0.5159380692167578,0.4167235494880545,0.5569965870307167,0.881283038582096,0.8744454276824217,3.5,3.521604938271605,0.7777777777777778,0.778839590443686,0.366120218579235,0.4081911262798635,0.5494839101396478,0.6095563139931741,32.50109521296938,31.22116417032156,32.50109521296938,31.22116417032156,0.0,3.369649805447471,12.0,3.0,0.0,4.968871595330739,9.0,5.0,16.74335720449969
53,Автор 3368,Общество,0.0,8.973568281938325,27.0,8.0,1.0,3.64804469273743,13.0,3.0,1.0,2.3973214285714284,9.0,2.0,1.0,2.1812688821752264,8.0,2.0,0.2643171806167401,0.1277533039647577,0.0434782608695652,0.6053601971328447,1.0,0.6363636363636364,1141.0,986.0,771.0,726.0,0.2871184687015002,12.623420698421354,8.926106377624363,1.5997296365320366,0.478494623655914,15.984871880382965,11.303011303016955,1.3327184490197812,0.3648115687992989,0.5067922874671341,0.4061866125760649,0.5522312373225152,0.8774982916920205,0.8968035683147931,2.9480968858131487,3.074380165289256,0.7467134092900964,0.7545638945233266,0.3234005258545135,0.3681541582150101,0.5241016652059597,0.59026369168357,27.26570979751837,25.41349723640943,27.26570979751837,25.41349723640943,1.0,2.813333333333333,7.0,3.0,1.0,4.511111111111111,8.0,5.0,12.69125925925926
54,Автор 3368,Общество,1.0,11.68141592920354,38.0,10.0,1.0,3.9146341463414633,16.0,3.0,1.0,2.902654867256637,10.0,3.0,1.0,2.290983606557377,8.0,2.0,0.4247787610619469,0.0973451327433628,0.0434782608695652,0.6484130589486335,1.0,0.7058823529411765,777.0,695.0,607.0,574.0,0.3666404405979543,13.071130223459896,9.242684818780925,1.4635932947330914,0.5930851063829787,16.263946552015245,11.500346895785546,1.20046152965329,0.4498069498069498,0.5859073359073359,0.481294964028777,0.6194244604316547,0.917816277483054,0.9201022676188148,3.2459016393442623,3.34375,0.7644787644787645,0.7697841726618705,0.435006435006435,0.479136690647482,0.6563706563706564,0.7179856115107913,25.43523331819652,23.138618875231888,25.43523331819652,23.138618875231888,1.0,3.452830188679245,10.0,3.0,1.0,5.037735849056604,9.0,5.0,17.394446422214312
55,Автор 3368,Общество,0.0,10.782383419689118,34.0,9.0,1.0,4.072727272727272,15.0,4.0,1.0,2.578125,9.0,2.0,1.0,2.358600583090379,7.0,2.0,0.2020725388601036,0.1658031088082901,0.0714285714285714,0.5663383846883353,1.0,0.625,1162.0,1037.0,874.0,833.0,0.3471450227387569,15.44307710987438,10.919904546778923,1.608195959865818,0.5767562879444926,19.584252129787533,13.84815748543985,1.338338426736719,0.4434165232358003,0.5641135972461273,0.4809546769527483,0.6024590163934427,0.8915470797843026,0.8946186167099586,2.712460063897764,2.563573883161512,0.7306368330464716,0.7193828351012537,0.423407917383821,0.4705882352941176,0.6075731497418244,0.6663452266152362,29.687761231752194,27.85499371789748,29.687761231752194,27.85499371789748,1.0,3.2864864864864867,9.0,3.0,2.0,4.881081081081081,9.0,5.0,16.041607012417824
56,Автор 3368,Общество,0.0,10.091787439613526,34.0,9.0,1.0,4.251572327044025,13.0,4.0,1.0,2.3155339805825244,9.0,2.0,1.0,2.2657142857142856,8.0,2.0,0.2318840579710145,0.0917874396135265,0.0454545454545454,0.5836769992383803,1.0,0.6568627450980392,1119.0,973.0,815.0,772.0,0.3111332007952286,13.955980212719318,9.868368246519106,1.626224055301449,0.5452079566003617,18.13175109662655,12.821084155211253,1.3310123735966126,0.4195710455764075,0.5462466487935657,0.4647995889003083,0.5950668036998972,0.8995765120358663,0.9165067999327108,2.443076923076923,2.438162544169612,0.709562109025916,0.7091469681397738,0.3958891867739053,0.4501541623843782,0.5907059874888293,0.6659815005138746,29.11681811957482,27.281807482775687,29.11681811957482,27.281807482775687,1.0,3.019704433497537,7.0,3.0,1.0,4.733990147783251,8.0,5.0,14.295251037394742
57,Автор 3368,Общество,1.0,10.605333333333334,34.0,9.0,1.0,3.6685768863419295,18.0,3.0,1.0,2.806970509383378,12.0,2.0,1.0,2.111504424778761,7.0,2.0,0.2693333333333333,0.1786666666666666,0.0303030303030303,0.6373341444843418,1.0,0.6923076923076923,2053.0,1830.0,1273.0,1226.0,0.2409258285113098,14.855573328429967,10.50447663894684,1.8293631163689483,0.4220963172804532,19.42560443457874,13.735976624338097,1.537019129442731,0.3346322454943984,0.4650511446663419,0.3663934426229508,0.5024590163934426,0.8749635375132476,0.8719766172765833,2.527491408934708,2.472485768500949,0.7165124208475402,0.7120218579234973,0.279103750608865,0.3125683060109289,0.4505601558694593,0.5016393442622951,32.88454170720252,31.651414215764884,32.88454170720252,31.651414215764884,0.0,3.0803108808290154,9.0,3.0,0.0,4.639896373056994,9.0,5.0,14.292323283846544
58,Автор 3368,От редакции,2.0,12.948453608247425,39.0,11.0,1.0,4.588679245283019,17.0,4.0,1.0,2.731958762886598,7.0,2.0,1.0,2.169811320754717,6.0,2.0,0.2783505154639175,0.1237113402061855,0.0526315789473684,0.613748922062416,1.0,0.6666666666666666,807.0,741.0,695.0,659.0,0.4463696369636963,15.539818969259574,10.988311371574792,1.4280987082565089,0.6556962025316456,18.42961293438884,13.031704280549654,1.2117219308679932,0.5027881040892193,0.645910780669145,0.5242914979757085,0.6670040485829959,0.9516593696103598,0.9546990633949018,3.362162162162162,3.518292682926829,0.7707558859975217,0.7786774628879892,0.506815365551425,0.5371120107962213,0.7670384138785625,0.8083670715249662,28.372543755493144,25.678406625054045,28.372543755493144,25.678406625054045,1.0,3.717391304347826,8.0,4.0,2.0,4.934782608695652,9.0,5.0,18.34451795841209
59,Автор 3368,От редакции,2.0,10.360824742268042,30.0,9.0,1.0,4.625,18.0,4.0,1.0,2.1443298969072164,7.0,2.0,1.0,2.210843373493976,6.0,2.0,0.3505154639175257,0.1958762886597938,0.125,0.6140909196248956,1.0,0.6666666666666666,533.0,466.0,428.0,396.0,0.3664921465968586,11.325734029585036,8.008503334234822,1.4004536034726822,0.645224171539961,14.614007006284316,10.333663454451358,1.0892234557357965,0.4924953095684803,0.6022514071294559,0.532725321888412,0.6373390557939914,0.8935317815017064,0.9100769369389544,2.135294117647059,2.0657894736842106,0.6810506566604128,0.6738197424892703,0.4878048780487805,0.5536480686695279,0.6735459662288931,0.740343347639485,22.740274295771023,19.734068926474585,22.740274295771023,19.734068926474585,1.0,2.9894736842105263,8.0,3.0,2.0,4.88421052631579,9.0,5.0,14.601218836565096
60,Автор 3368,От редакции,1.0,10.814814814814817,34.0,9.0,1.0,4.289817232375979,16.0,4.0,1.0,2.37888198757764,7.0,2.0,1.0,2.0625,10.0,2.0,0.2592592592592592,0.2160493827160493,0.0769230769230769,0.6385425748697666,1.0,0.7029411764705882,1043.0,947.0,775.0,739.0,0.3743872549019608,15.1245037189687,10.694639141763924,1.5287914616810594,0.5791015625,18.53125,13.103572538863208,1.29484582227043,0.4393576222435282,0.5572866730584851,0.4696409714889123,0.5852692713833157,0.928126455497549,0.9350257187402432,3.138888888888889,3.01271186440678,0.7583892617449665,0.750791974656811,0.4170661553211889,0.4614572333685322,0.5992329817833174,0.6494192185850053,28.05343483668525,25.964011320358743,28.05343483668525,25.964011320358743,1.0,3.088607594936709,7.0,3.0,2.0,4.949367088607595,9.0,5.0,15.286652780003203
61,Автор 3368,От редакции,1.0,7.417218543046357,21.0,6.0,1.0,3.7971014492753614,13.0,3.0,1.0,1.827814569536424,5.0,2.0,1.0,2.210843373493976,4.0,2.0,0.2052980132450331,0.0662251655629139,0.0666666666666666,0.5224693527676223,1.0,0.5333333333333333,522.0,459.0,398.0,372.0,0.3098455598455598,9.97298474431926,7.051965141378136,1.4503132989664942,0.5787476280834914,13.286008677005478,9.394626830413886,1.1083865192123734,0.4612068965517241,0.5718390804597702,0.4983660130718954,0.607843137254902,0.8752439078801495,0.8702662346863385,2.81021897810219,2.642857142857143,0.7375478927203065,0.7254901960784313,0.4329501915708812,0.485838779956427,0.6111111111111112,0.673202614379085,21.796867854713945,18.99713313998,21.796867854713945,18.99713313998,1.0,2.4093959731543624,8.0,2.0,1.0,4.5369127516778525,10.0,5.0,10.931219314445295
62,Автор 3368,От редакции,2.0,11.358695652173912,39.0,10.0,1.0,4.515555555555555,15.0,4.0,1.0,2.4456521739130435,8.0,2.0,1.0,2.2596685082872927,7.0,2.0,0.1847826086956521,0.0978260869565217,0.0666666666666666,0.5717548961511938,0.9772727272727272,0.6076923076923078,562.0,497.0,476.0,445.0,0.3717693836978131,11.791596562933371,8.337917890666173,1.415723941391343,0.6635859519408502,15.434615536085284,10.913921310573146,1.102242915033793,0.4991103202846975,0.6352313167259787,0.5417505030181087,0.6715291750503019,0.9110781120565484,0.9216549859218872,2.7466666666666666,2.765151515151515,0.7330960854092526,0.7344064386317908,0.5106761565836299,0.5694164989939637,0.7455516014234875,0.8148893360160966,24.465823355356672,21.35151807117381,24.465823355356672,21.35151807117381,1.0,3.3793103448275863,10.0,3.0,2.0,5.011494252873563,9.0,5.0,16.935394371779626
63,Автор 3368,От редакции,0.0,8.114285714285714,25.0,7.0,1.0,3.7739726027397262,15.0,3.0,1.0,2.1954887218045114,7.0,2.0,1.0,2.112745098039216,5.0,2.0,0.3357142857142857,0.0571428571428571,0.0454545454545454,0.62969614081352,1.0,0.6666666666666666,637.0,551.0,491.0,458.0,0.3624655013799448,11.950372694761375,8.450189570172324,1.4269469883564214,0.6296296296296297,15.34540587542348,10.850840554571832,1.1279125991541572,0.4638932496075353,0.5781004709576139,0.5090744101633393,0.6234119782214156,0.9046441374330922,0.9092503665885712,2.092233009708738,2.1129943502824857,0.6766091051805337,0.6787658802177858,0.4458398744113029,0.5081669691470054,0.6436420722135008,0.7259528130671506,22.90119381558446,20.44868749643064,22.90119381558446,20.44868749643064,1.0,3.0485436893203883,8.0,3.0,2.0,4.941747572815534,9.0,5.0,15.065133377321144
64,Автор 3368,От редакции,0.0,9.0,35.0,7.0,1.0,3.780429594272076,17.0,3.0,1.0,2.314917127071823,9.0,2.0,1.0,2.3076923076923075,11.0,2.0,0.3241758241758242,0.1153846153846153,0.0769230769230769,0.6263199166057546,1.0,0.6666666666666666,990.0,901.0,802.0,767.0,0.4305822136916187,17.022979463491676,12.0370642146343,1.5177650722095275,0.6552763819095477,20.669789573312663,14.61574837298838,1.2912926517714416,0.5098484848484849,0.6075757575757575,0.5427302996670367,0.6384572697003329,0.933181040733979,0.9383280239078376,3.829268292682927,3.620512820512821,0.7929292929292929,0.7835738068812431,0.5343434343434343,0.5826859045504994,0.7,0.7547169811320755,29.74803278446248,27.55136460239202,29.74803278446248,27.55136460239202,0.0,2.778409090909091,7.0,3.0,0.0,4.3352272727272725,9.0,4.0,12.045034865702478
65,Автор 3368,От редакции,1.0,13.76842105263158,43.0,12.0,1.0,4.754716981132075,18.0,4.0,1.0,2.9444444444444446,11.0,2.0,1.0,2.457317073170732,8.0,2.0,0.1157894736842105,0.1368421052631579,0.0666666666666666,0.6580770093461565,1.0,0.7,858.0,803.0,613.0,587.0,0.3690095846645367,13.056891977611516,9.232616858589337,1.4308513526887097,0.5263157894736842,15.389675281277311,10.882143751650176,1.235582239902966,0.4038461538461538,0.5358391608391608,0.4202988792029888,0.5482565379825655,0.8804203983297318,0.8617387052842529,5.549618320610687,6.169642857142857,0.8473193473193473,0.8605230386052304,0.3752913752913753,0.3947696139476961,0.5594405594405595,0.5815691158156912,24.13658202966178,22.232217207078445,24.13658202966178,22.232217207078445,1.0,4.107142857142857,13.0,4.0,1.0,4.428571428571429,8.0,5.0,18.18877551020408
66,Автор 3368,От редакции,0.0,10.73873873873874,35.0,9.0,1.0,3.925170068027211,16.0,4.0,1.0,2.697247706422018,9.0,2.0,1.0,2.15929203539823,7.0,2.0,0.3693693693693693,0.1441441441441441,0.1,0.6138971582471895,1.0,0.6923076923076923,682.0,594.0,537.0,503.0,0.3768624014022787,12.729918797972744,9.001411906000632,1.4365999721014533,0.6274809160305344,16.05909886913178,11.355497710108295,1.163373611042546,0.4728739002932551,0.5905425219941349,0.5189393939393939,0.63510101010101,0.8985454967532674,0.9091311338275472,2.7888888888888888,2.857142857142857,0.7360703812316716,0.7407407407407407,0.4677419354838709,0.531986531986532,0.6715542521994134,0.7508417508417509,24.6217425313196,22.320590364252336,24.6217425313196,22.320590364252336,1.0,3.3173076923076925,8.0,3.0,2.0,4.971153846153846,10.0,5.0,16.490846893491124
67,Автор 3368,От редакции,0.0,9.15702479338843,31.0,7.0,1.0,4.399176954732511,14.0,4.0,1.0,2.025,9.0,2.0,1.0,2.2742616033755274,6.0,2.0,0.1818181818181818,0.1487603305785124,0.0588235294117647,0.5760628406681039,1.0,0.5714285714285714,627.0,564.0,538.0,503.0,0.3935969868173258,12.826673009383304,9.069827464997395,1.4181076166861837,0.6448,16.12,11.398561312727146,1.1504652729989264,0.5,0.6435406698564593,0.5359042553191489,0.6688829787234043,0.93133467647311,0.919829673255016,3.4785714285714286,3.622950819672131,0.7767145135566188,0.7836879432624113,0.5215311004784688,0.5673758865248227,0.7543859649122807,0.8049645390070922,25.95849957450333,22.90653225300932,25.95849957450333,22.90653225300932,1.0,2.9741379310344827,9.0,3.0,2.0,4.5,9.0,4.0,13.383620689655173
68,Автор 3368,От редакции,1.0,12.036764705882351,37.0,11.0,1.0,4.569767441860465,16.0,4.0,1.0,2.5294117647058822,8.0,2.0,1.0,2.229508196721312,6.0,2.0,0.25,0.0808823529411764,0.0333333333333333,0.5970860399331812,1.0,0.6666666666666666,887.0,794.0,706.0,672.0,0.3581514762516046,14.136779115074104,9.99621237640526,1.5427109010108095,0.6108597285067874,18.16216543790044,12.84259034217134,1.2570953597823973,0.471815107102593,0.5969560315670801,0.5100755667506297,0.6347607052896725,0.9063101585186908,0.917888011115268,2.907488986784141,2.950248756218905,0.7440811724915445,0.7468513853904282,0.4870349492671927,0.5390428211586902,0.6786922209695603,0.7418136020151134,28.00297938730721,25.69379856375388,28.00297938730721,25.69379856375388,1.0,3.2814814814814817,9.0,3.0,1.0,5.125925925925926,9.0,5.0,16.820631001371744
69,Автор 3368,От редакции,2.0,13.392857142857142,57.0,11.0,1.0,4.732758620689655,14.0,4.0,1.0,2.761904761904762,12.0,2.0,1.0,2.282511210762332,7.0,2.0,0.3571428571428571,0.1071428571428571,0.024390243902439,0.6753918667862641,1.0,0.7777777777777778,652.0,584.0,535.0,503.0,0.4047838086476541,13.345593872322349,9.436759926080768,1.4211459604770698,0.6677265500794912,16.7464966794069,11.84156136312662,1.145004251076441,0.5061349693251533,0.6154141104294479,0.5393835616438356,0.6459760273972602,0.9509074453158972,0.9374241398046136,2.8128654970760234,2.816993464052288,0.7377300613496932,0.738013698630137,0.5138036809815951,0.5633561643835616,0.7039877300613497,0.761986301369863,24.63354115212126,22.303978697833816,24.63354115212126,22.303978697833816,1.0,3.764705882352941,11.0,3.0,2.0,4.752941176470588,10.0,5.0,17.893425605536333
70,Автор 3368,От редакции,2.0,8.85234899328859,38.0,8.0,1.0,3.904024767801858,14.0,4.0,1.0,2.1677852348993287,11.0,2.0,1.0,2.088235294117647,5.0,2.0,0.2348993288590604,0.1409395973154362,0.0476190476190476,0.5972805739971261,1.0,0.6470588235294118,692.0,582.0,528.0,488.0,0.3397590361445783,11.98824725675762,8.476970929794339,1.4808392100659078,0.6150306748466258,15.704372022258545,11.104667951215312,1.166078043275879,0.4584537572254334,0.5722543352601156,0.5167525773195876,0.6288659793814433,0.9095785154312646,0.9134241192146002,2.477386934673367,2.3068181818181817,0.7124277456647399,0.697594501718213,0.4479768786127168,0.5274914089347079,0.6271676300578035,0.7250859106529209,24.405178072757547,22.176463483748893,24.405178072757547,22.176463483748893,1.0,2.862068965517241,9.0,3.0,2.0,4.593103448275862,9.0,4.0,13.145778834720572
71,Автор 3368,От редакции,2.0,13.853211009174313,49.0,12.0,1.0,4.484756097560975,16.0,4.0,1.0,3.0091743119266057,10.0,3.0,1.0,2.491596638655462,8.0,2.0,0.0825688073394495,0.2293577981651376,0.0555555555555555,0.6204878811617414,1.0,0.6666666666666666,827.0,716.0,582.0,542.0,0.294238683127572,11.23514107885292,7.944444444444445,1.5235073618362212,0.50875,14.389622997146242,10.175,1.2275197683961403,0.3890568319226118,0.5278113663845223,0.4263268156424581,0.5677374301675977,0.88269250835073,0.8960123614647263,2.708520179372197,2.58,0.7303506650544136,0.7206703910614525,0.3446191051995163,0.3896648044692737,0.532043530834341,0.5963687150837989,24.27183817048316,21.825104708356527,24.27183817048316,21.825104708356527,1.0,4.018691588785047,10.0,4.0,2.0,5.02803738317757,9.0,5.0,20.20613153987248
72,Автор 3368,От редакции,2.0,9.612021857923498,49.0,8.0,1.0,4.167901234567902,14.0,4.0,1.0,2.2131147540983607,8.0,2.0,1.0,2.2529644268774702,6.0,2.0,0.2295081967213114,0.1038251366120218,0.0714285714285714,0.573574325522199,1.0,0.625,903.0,801.0,679.0,642.0,0.3087529976019185,12.609829252015588,8.916495773704714,1.5756170492245265,0.5536912751677853,16.555276536743616,11.706348303549952,1.2611604244365735,0.4277408637873754,0.563953488372093,0.4634831460674157,0.601123595505618,0.8585516767084239,0.8571728696568722,2.446564885496183,2.497816593886463,0.7098560354374308,0.714107365792759,0.4086378737541528,0.4506866416978776,0.6157253599114064,0.6766541822721598,26.7887226069988,24.41528450281316,26.7887226069988,24.41528450281316,1.0,2.864864864864865,9.0,3.0,2.0,4.72972972972973,8.0,5.0,13.550036523009496
73,Автор 3368,От редакции,1.0,12.011363636363637,33.0,11.0,1.0,4.728110599078341,17.0,4.0,1.0,2.465909090909091,8.0,2.0,1.0,2.4915254237288136,6.0,3.0,0.1931818181818181,0.1136363636363636,0.05,0.564159751532966,1.0,0.5625,573.0,507.0,464.0,431.0,0.3552502453385672,11.340219963147158,8.018746436088415,1.4179179046753314,0.5947826086956521,14.262385921503911,10.085029800994963,1.131346406711604,0.4738219895287958,0.6073298429319371,0.5059171597633136,0.6375739644970414,0.9001773539885144,0.8988967695414469,3.620967741935484,3.4867256637168142,0.7835951134380453,0.777120315581854,0.4589877835951134,0.5069033530571992,0.6910994764397905,0.7554240631163708,23.81209160922834,21.006667486668693,23.81209160922834,21.006667486668693,0.0,3.2758620689655173,7.0,3.0,0.0,5.011494252873563,8.0,5.0,16.41696393182719
74,Автор 3368,От редакции,2.0,10.181159420289855,30.0,9.0,1.0,3.95252225519288,13.0,4.0,1.0,2.4420289855072466,9.0,2.0,1.0,2.125,6.0,2.0,0.3623188405797101,0.1231884057971014,0.0666666666666666,0.5885772730445922,1.0,0.6306818181818181,738.0,656.0,588.0,550.0,0.3378582202111614,12.30286481493641,8.699439138662914,1.4994877972680265,0.5955678670360111,16.002942942642918,11.31578947368421,1.1924409059224002,0.4552845528455284,0.5975609756097561,0.4916158536585366,0.6288109756097561,0.9004618016369847,0.8978556377327892,2.69,2.6043956043956045,0.7289972899728997,0.7225609756097561,0.4295392953929539,0.4801829268292683,0.6720867208672087,0.7301829268292683,25.84097710151409,23.113716759513697,25.84097710151409,23.113716759513697,1.0,2.921428571428572,7.0,3.0,2.0,4.721428571428572,9.0,5.0,13.793316326530611
75,Автор 3368,От редакции,0.0,9.208510638297872,34.0,8.0,1.0,4.106090373280943,15.0,4.0,1.0,2.184549356223176,9.0,2.0,1.0,2.322475570032573,7.0,2.0,0.2468085106382978,0.1191489361702127,0.04,0.5426420906384672,1.0,0.5555555555555556,1142.0,994.0,823.0,784.0,0.2976248182258846,13.518196565766203,9.55880846106598,1.6349950143479532,0.5342342342342342,17.798901676814243,12.585724073347963,1.3277070838487028,0.4032399299474606,0.5404991243432575,0.4474346076458752,0.5915492957746479,0.8858775670593031,0.9099349360587246,2.5576323987538943,2.708955223880597,0.7189141856392294,0.7303822937625755,0.3633975481611208,0.4175050301810865,0.5709281961471103,0.6468812877263581,28.43742939407335,26.960362887060924,28.43742939407335,26.960362887060924,1.0,2.846846846846846,8.0,3.0,2.0,4.923423423423423,9.0,5.0,14.01623244866488
76,Автор 3368,От редакции,1.0,9.326086956521738,55.0,8.0,1.0,4.027184466019418,14.0,4.0,1.0,2.2489082969432315,10.0,2.0,1.0,2.3512658227848102,8.0,2.0,0.2608695652173913,0.0956521739130434,0.0666666666666666,0.582750652869211,1.0,0.6125,1161.0,995.0,799.0,752.0,0.2935103244837758,13.237283094231012,9.360172640416792,1.6233470188589767,0.5157515751575158,17.190859564467875,12.155773372460851,1.327958213958805,0.3856589147286822,0.5161498708010336,0.4319095477386935,0.5668341708542713,0.8835147779750213,0.8930870582128255,2.5075528700906347,2.618181818181818,0.7149009474590869,0.7236180904522613,0.3540051679586563,0.4070351758793969,0.5357450473729544,0.6090452261306533,27.11788791482921,25.393407129177067,27.11788791482921,25.393407129177067,1.0,2.86784140969163,11.0,3.0,1.0,4.6607929515418505,8.0,5.0,13.366415028430591
77,Автор 3368,От редакции,0.0,10.710526315789474,25.0,10.5,1.0,4.742063492063492,18.0,4.0,1.0,2.290909090909091,8.0,2.0,1.0,2.2314410480349345,6.0,2.0,0.3157894736842105,0.087719298245614,0.0625,0.5878920592367892,1.0,0.625,670.0,580.0,508.0,475.0,0.3389830508474576,11.64445019479164,8.233869695926183,1.459450084082666,0.6066350710900474,15.262629763529551,10.79230900453138,1.1503534156897497,0.4477611940298507,0.5686567164179104,0.496551724137931,0.6142241379310345,0.8927952828658883,0.903205841954578,2.66120218579235,2.647798742138365,0.7268656716417911,0.7258620689655172,0.4298507462686567,0.4913793103448275,0.6253731343283582,0.6982758620689655,23.29592238998061,21.01050640299621,23.29592238998061,21.01050640299621,0.0,3.036363636363636,6.0,3.0,0.0,5.181818181818182,10.0,5.0,15.73388429752066
78,Автор 3368,От редакции,1.0,12.02450980392157,39.0,11.0,1.0,4.050420168067227,13.0,4.0,1.0,2.931034482758621,10.0,2.0,1.0,2.263456090651558,8.0,2.0,0.4313725490196078,0.1323529411764706,0.0454545454545454,0.6426628734092917,1.0,0.7142857142857143,1317.0,1154.0,911.0,875.0,0.280605805637358,13.680792095493514,9.67378086272678,1.678200619460049,0.500772797527048,18.013904984692438,12.737754370326174,1.3760564009200995,0.3798405466970387,0.5187927107061504,0.4211438474870017,0.5686741767764298,0.8930977180255832,0.8979880686715656,2.25990099009901,2.250704225352113,0.6932422171602126,0.6923743500866552,0.3637053910402429,0.4116117850953206,0.5626423690205011,0.6351819757365684,29.098528718413064,27.671006042244795,29.098528718413064,27.671006042244795,1.0,3.482587064676617,10.0,3.0,1.0,4.935323383084577,9.0,5.0,17.187693373926386
79,Автор 3368,От редакции,2.0,9.398148148148149,25.0,9.0,1.0,4.238738738738738,12.0,4.0,1.0,2.055555555555556,5.0,2.0,1.0,2.340659340659341,7.0,2.0,0.2685185185185185,0.1296296296296296,0.0625,0.539744270760779,1.0,0.5555555555555556,520.0,468.0,421.0,398.0,0.37513397642015,11.458485578253896,8.102372854511588,1.393865255415915,0.6424474187380497,14.692254173406637,10.388992556932187,1.0989812038114488,0.5048076923076923,0.6072115384615384,0.5384615384615384,0.6378205128205128,0.9266239225654668,0.940356435044348,3.333333333333333,3.4150943396226414,0.7692307692307693,0.7735042735042735,0.5096153846153846,0.5576923076923077,0.6903846153846154,0.7457264957264957,22.935067204878816,20.061657096812453,22.935067204878816,20.061657096812453,1.0,2.895238095238095,7.0,3.0,2.0,4.961904761904762,9.0,5.0,14.365895691609976
80,Автор 3368,От редакции,1.0,11.608333333333333,43.0,11.0,1.0,4.261006289308176,20.0,3.0,1.0,2.65,8.0,2.0,1.0,2.3726235741444865,8.0,2.0,0.25,0.1333333333333333,0.0588235294117647,0.6464712053139291,1.0,0.7182539682539683,840.0,778.0,684.0,652.0,0.418745275888133,15.231049958621556,10.769978710332389,1.4664263960049666,0.638525564803805,18.517241379310345,13.093666948178484,1.234365819092864,0.4946428571428571,0.6107142857142858,0.5176735218508998,0.6285347043701799,0.9426232113434192,0.9495589681327592,3.4919786096256686,3.4204545454545454,0.7773809523809524,0.7737789203084833,0.5071428571428571,0.538560411311054,0.7,0.7313624678663239,27.671628929628405,25.09621587837261,27.671628929628405,25.09621587837261,1.0,3.3893805309734515,7.0,3.0,1.0,4.725663716814159,10.0,5.0,16.01707259769755
81,Автор 3368,От редакции,2.0,10.301255230125523,38.0,8.0,1.0,4.306715063520871,20.0,4.0,1.0,2.305439330543933,8.0,2.0,1.0,2.291566265060241,7.0,2.0,0.1715481171548117,0.1297071129707113,0.04,0.6057951056466252,1.0,0.6190476190476191,1385.0,1208.0,957.0,918.0,0.2960609911054638,14.38563981137854,10.172183462332931,1.6626247700602743,0.5037037037037037,18.50725583436179,13.086606101631515,1.3883394143851278,0.3785198555956678,0.518231046931408,0.4221854304635761,0.5699503311258278,0.9042357307592342,0.9247291801009032,2.857938718662953,3.0132890365448506,0.7407942238267148,0.7508278145695364,0.3407942238267148,0.3882450331125828,0.5595667870036101,0.6341059602649006,30.068045573680685,28.829310416186644,30.068045573680685,28.829310416186644,1.0,3.042016806722689,11.0,3.0,2.0,4.836134453781512,9.0,5.0,14.711602287974012
82,Автор 3368,От редакции,0.0,10.642045454545457,38.0,10.0,1.0,3.852631578947368,13.0,3.0,1.0,2.7298850574712645,10.0,2.0,1.0,2.2163120567375887,7.0,2.0,0.2215909090909091,0.1306818181818181,0.0909090909090909,0.6406863656795274,1.0,0.6666666666666666,1017.0,871.0,717.0,677.0,0.304661487236404,12.932871161995925,9.144920898859262,1.5890682152493585,0.5442386831275721,16.967682911184003,11.997963647521308,1.2867459405026322,0.4048672566371681,0.5287610619469026,0.4555109070034443,0.5829506314580941,0.91580406374509,0.9187684918841384,2.2596153846153846,2.133093525179856,0.6932153392330384,0.6808266360505166,0.3874139626352015,0.452353616532721,0.5634218289085545,0.6463834672789897,26.685115299814708,24.97229233801704,26.685115299814708,24.97229233801704,1.0,3.3254437869822486,9.0,3.0,2.0,5.011834319526627,9.0,5.0,16.666573299254228
83,Автор 3368,От редакции,0.0,10.455445544554456,44.0,10.0,1.0,4.524229074889868,22.0,4.0,1.0,2.316326530612245,9.0,2.0,1.0,2.103139013452915,6.0,2.0,0.3762376237623762,0.099009900990099,0.0625,0.6122909328669776,1.0,0.6,686.0,642.0,560.0,529.0,0.4337231968810916,13.892689538461797,9.823614981565742,1.3766288146243786,0.6251830161054173,16.338700923788686,11.553206218989889,1.1668163218131296,0.4865160349854227,0.6122448979591837,0.4988317757009346,0.6179906542056075,0.899836981611422,0.9059353048169468,3.3974358974358974,3.458333333333333,0.7725947521865889,0.7757009345794392,0.4868804664723032,0.5015576323987538,0.7040816326530612,0.7180685358255452,24.778935143023347,22.25930447058081,24.778935143023347,22.25930447058081,1.0,3.088888888888889,9.0,3.0,1.0,4.355555555555555,10.0,4.0,13.453827160493828
84,Автор 3368,От редакции,2.0,10.974137931034482,41.0,9.0,1.0,4.543795620437956,17.0,4.0,1.0,2.362068965517241,10.0,2.0,1.0,2.285067873303168,6.0,2.0,0.3362068965517241,0.1034482758620689,0.0555555555555555,0.585814366137789,1.0,0.5916666666666667,714.0,628.0,587.0,556.0,0.389430894308943,13.657869466867217,9.657572116582504,1.4664679922324824,0.6783625730994152,17.741483419323444,12.545123234112303,1.1733255009242909,0.5031512605042017,0.6165966386554622,0.554140127388535,0.6640127388535032,0.9186119308942514,0.9297701058684376,2.449275362318841,2.270833333333333,0.7100840336134454,0.6942675159235668,0.5140056022408963,0.5843949044585988,0.7128851540616247,0.7929936305732485,26.19684159977919,23.623371780241616,26.19684159977919,23.623371780241616,1.0,3.333333333333333,9.0,3.0,2.0,4.964912280701754,8.0,5.0,16.549707602339183
85,Автор 3368,От редакции,2.0,11.346534653465346,42.0,11.0,1.0,4.348837209302325,16.0,4.0,1.0,2.5544554455445545,11.0,2.0,1.0,2.1674008810572687,6.0,2.0,0.198019801980198,0.1386138613861386,0.0526315789473684,0.6176475210085395,1.0,0.6363636363636364,654.0,578.0,495.0,462.0,0.3576576576576576,11.915959469975132,8.425855745563476,1.4318903165415555,0.574468085106383,14.735974218565014,10.419907297337458,1.1730042013655235,0.4552752293577982,0.5676605504587156,0.4904844290657439,0.5994809688581315,0.8736551940544289,0.893140066260367,2.6333333333333333,2.729032258064516,0.7247706422018348,0.7318339100346021,0.4541284403669725,0.5,0.636085626911315,0.6920415224913494,24.243918497179028,21.545959567919507,24.243918497179028,21.545959567919507,1.0,3.284313725490196,8.0,3.0,2.0,5.0,9.0,5.0,16.42156862745098
86,Автор 3368,От редакции,1.0,9.666666666666666,32.0,8.0,1.0,4.315315315315315,21.0,3.0,1.0,2.1142857142857143,8.0,2.0,1.0,2.323170731707317,8.0,2.0,0.1714285714285714,0.1238095238095238,0.037037037037037,0.5550704446736374,1.0,0.5714285714285714,539.0,485.0,425.0,402.0,0.3827549947423764,11.803508719284492,8.346341057200606,1.3953303413327898,0.6469500924214417,15.04767531373217,10.640313255433428,1.1086634349168858,0.5064935064935066,0.5913729128014842,0.5412371134020618,0.6216494845360825,0.9023080878384516,0.9004760199162966,2.85,2.88,0.7402597402597403,0.7422680412371134,0.5231910946196661,0.5752577319587628,0.6641929499072357,0.7216494845360825,22.3549125479799,19.7977401605314,22.3549125479799,19.7977401605314,1.0,2.9019607843137254,9.0,2.5,1.0,4.784313725490196,10.0,5.0,13.88389081122645
